<?xml version="1.0" encoding="utf-8"?>
<install type="module" version="1.5.0">
    <!-- Name of the Module -->
        <name>Http commander</name> 
 
    <!-- Name of the Author -->
        <author>Element-It</author> 
 
    <!-- Version Date of the Module -->
        <creationDate>2010-08-30</creationDate> 
 
    <!-- Copyright information -->
        <!-- copyright>All rights reserved by Ambitionality Software LLC 2008.</copyright --> 
 
    <!-- License Information -->
        <!-- license>GPL 2.0</license --> 
 
    <!-- Author's email address -->
        <authorEmail>support@element-it.com</authorEmail> 
 
    <!-- Author's website -->
        <authorUrl>www.element-it.com</authorUrl> 
 
    <!-- Module version number -->
        <version>1.0.0</version> 
 
    <!-- Description of what the module does -->
        <description>Provides a link to Http commander</description>
 
    <!-- Listing of all files that should be installed for the module to function -->
        <files>
        <!-- The "module" attribute signifies that this is the main controller file -->
                <filename module="mod_htcom">mod_htcom.php</filename>
                <filename>index.html</filename>
        </files>
 
    <!-- Optional parameters -->
        <params />
</install>
